1,2,2,0,0,5000,22,0,0|0|0|0|0|0|0,Green Hat
2,3,2,0,0,4000,0,5,0|0|0|0|0|0|0,Luxurious Green Hat
3,4,2,0,0,3000,22,0,0|0|0|0|0|0|0,Bandana of Iguje
4,5,2,0,0,2000,22,0,301|0|0|0|0|0|0,Islamic Bandana
5,6,2,8,19,1000,0,0,302|303|0|0|0|0|0,Red Beret
6,7,2,12,22,750,0,0,304|305|306|0|0|0|0,Red Leather Beret
7,8,2,18,30,750,0,0,307|308|309|310|311|312|0,Rodeo Hat
8,9,2,23,35,750,0,0,310|311|312|0|0|0|0,Luxurious Rodeo Hat
9,10,2,25,40,500,0,0,313|314|315|316|317|318|0,Joker Jester
10,11,2,30,45,500,0,0,316|317|318|0|0|0|0,Luxurious Joker Jester
11,12,2,35,50,500,0,0,319|320|321|322|323|324|0,Venetian Hat
12,13,2,40,55,400,0,0,322|323|324|0|0|0|0,Luxurious Venetian Hat 
13,14,2,50,65,300,0,0,325|326|327|0|0|0|0,Junior Cap
14,15,2,58,73,200,0,0,328|329|330|331|0|0|0,Senior Cap
15,16,2,70,85,100,0,0,332|333|334|335|0|0|0,Redfield Green Hat
16,17,2,89,99,100,0,0,336|337|338|339|0|0|0,Redfield Black Hat
17,31,2,8,19,1500,0,0,401|402|403|404|405|406|0,Soldier Helm
18,32,2,20,30,1250,0,0,407|408|409|410|411|412|413,Iron Helm
19,33,2,42,52,1000,0,0,414|415|416|417|418|419|420|0,Trunket Helm
20,34,2,62,72,750,0,0,421|422|423|424|425|426|427,Chrome Helm
21,35,2,82,92,500,0,0,428|429|430|431|432|433|434,Mighty Helm
22,36,2,88,98,250,0,0,435|436|437|438|439|440|441,Kurash Helm
23,37,2,95,105,250,0,0,442|443|444|445|446|447|448,Plate Helm
24,61,2,8,19,1500,0,0,501|502|503|504|505|506|0,Spiritual Beret 
25,62,2,20,30,1250,0,0,507|508|509|510|511|512|513,Green Hat of Witch
26,63,2,42,52,1000,0,0,514|515|516|517|518|519|520,Purple Hat of Witch
27,64,2,62,72,750,0,0,521|522|523|524|525|526|527,Violet Beret
28,65,2,82,92,500,0,0,528|529|530|531|532|533|534,Hat of Shadow
29,66,2,88,98,250,0,0,535|536|537|538|539|540|541,Velvet Hat of Witch
30,67,2,95,105,250,0,0,542|543|544|545|546|547|548,Heavens Bonnet
31,91,2,8,19,1500,0,0,601|602|603|604|605|606|0,Hunter Hat
32,92,2,20,30,1250,0,0,607|608|609|610|611|612|613,Criker Hat
33,93,2,42,52,1000,0,0,614|615|616|617|618|619|620,Ranger Hat
34,94,2,62,72,750,0,0,621|622|623|624|625|626|627,Black Pirate Hat
35,95,2,82,92,500,0,0,628|629|630|631|632|633|634,Mariner`s Hat
36,96,2,88,98,250,0,0,635|636|637|638|639|640|641,Jaguar Hat 
37,97,2,95,105,250,0,0,642|643|644|645|646|647|648,Wild Hawker Hat
38,121,2,8,19,1500,0,0,701|702|703|704|705|706|0,Brown Turban 
39,122,2,20,30,1250,0,0,707|708|709|710|711|712|713,Vibe Turban
40,123,2,42,52,1000,0,0,714|715|716|717|718|719|720,Tamiya Goggles
41,124,2,62,72,750,0,0,721|722|723|724|725|726|727,Semiya Goggles
42,125,2,82,92,500,0,0,728|729|730|731|732|733|734,Merchant Hat 
43,126,2,88,98,250,0,0,735|736|737|738|739|740|741,Rich Merchant Turban
44,127,2,95,105,250,0,0,742|743|744|745|746|747|748,Redfield Chairman Hat
45,241,2,15,80,750,0,0,0|0|0|0|0|0|0,Sapphire Royal Crown
46,2,3,0,0,5000,0,1,0|0|0|0|0|0|0,Flower Shorts 
47,3,3,0,0,4000,0,3,0|0|0|0|0|0|0,Leopard Ensemble
48,4,3,0,0,3000,0,11,0|0|0|0|0|0|0,Blue Wild Jeans
49,5,3,0,0,2000,21,0,201|0|0|0|0|0|0,Yellow Wild Jeans
50,6,3,0,0,1000,21,0,202|203|0|0|0|0|0,Natalie Look
51,7,3,0,0,750,21,0,204|205|206|0|0|0|0,Yellow Denim Look
52,8,3,0,0,750,1,0,207|208|209|0|0|0|0,Blue Denim Look
53,9,3,0,0,750,1,0,210|211|212|0|0|0|0,Brown Denim Look
54,10,3,25,35,500,23,0,213|214|215|0|0|0|0,Islamic Dress
55,11,3,30,40,500,0,0,216|217|218|0|0|0|0,Venetian Dress
56,12,3,35,45,500,0,0,219|220|221|0|0|0|0,Fancy Sky
57,14,3,50,60,400,0,0,225|226|227|0|0|0|0,Junior Look
58,15,3,58,68,300,0,0,228|229|230|231|0|0|0,Senior Look
59,16,3,55,65,200,0,0,232|233|234|235|0|0|0,Redfield Green Suit
60,17,3,65,75,100,0,0,236|237|238|239|0|0|0,Redfield Black Suit
61,31,3,8,19,1500,0,0,301|302|303|304|305|306|0,Soldier Armor
62,32,3,25,35,1250,0,0,307|308|309|310|311|312|313,Iron Armor
63,33,3,45,55,1000,0,0,314|315|316|317|318|319|320,Trunket Armor
64,34,3,65,75,750,0,0,321|322|323|324|325|326|327,Chrome Armor
65,35,3,85,95,500,0,0,328|329|330|331|332|333|334,Mighty Armor
66,36,3,90,100,250,0,0,335|336|337|338|339|340|341,Kurash Armor
67,37,3,95,105,250,0,0,342|343|344|345|346|347|348,Plate Armor
68,61,3,8,19,1500,0,0,401|402|403|404|405|406|0,Spiritual Vest
69,62,3,25,35,1250,0,0,407|408|409|410|411|412|413,Green Vest of Witch
70,63,3,45,55,1000,0,0,414|415|416|417|418|419|420,Purple Vest of Witch
71,64,3,65,75,750,0,0,421|422|423|424|425|426|427,Violet Dress
72,65,3,85,95,500,0,0,428|429|430|431|432|433|434,Coat of Shadow
73,66,3,90,100,250,0,0,435|436|437|438|439|440|441,Velvet Coat of Witch
74,67,3,95,105,250,0,0,442|443|444|445|446|447|448,Heaven`s Coat
75,91,3,8,19,1500,0,0,501|502|503|504|505|506|0,Hunter Chest
76,92,3,25,35,1250,0,0,507|508|509|510|511|512|513,Criker Chest
77,93,3,45,55,1000,0,0,514|515|516|517|518|519|520,Ranger Chest
78,94,3,65,75,750,0,0,521|522|523|524|525|526|527,Black Pirate Armor
79,95,3,85,95,500,0,0,528|529|530|531|532|533|534,Mariner√¢??s Look
80,96,3,90,100,250,0,0,535|536|537|538|539|540|541,Jaguar Chest 
81,97,3,95,105,250,0,0,542|543|544|545|546|547|548,Wild Hawker Chest
82,121,3,8,19,1500,0,0,601|602|603|604|605|606|0,Brown Vest
83,122,3,25,35,1250,0,0,607|608|609|610|611|612|613,Vibe Vest
84,123,3,45,55,1000,0,0,614|615|616|617|618|619|620,Tamiya Vest
85,124,3,65,75,750,0,0,621|622|623|624|625|626|627,Semiya Vest
86,125,3,85,95,500,0,0,628|629|630|631|632|633|634,Merchant Vest
87,126,3,90,100,250,0,0,635|636|637|638|639|640|641,Rich Merchant Vest
88,127,3,95,105,250,0,0,642|643|644|645|646|647|648,Redfield Chairman Suit
89,2,4,0,0,5000,0,1,0|0|0|0|0|0|0,White Gloves
90,3,4,0,0,4000,22,0,0|0|0|0|0|0|0,Leather Gloves
91,4,4,0,0,3000,22,0,0|0|0|0|0|0|0,Dumb Gloves
92,5,4,5,12,2000,0,0,201|0|0|0|0|0|0,Safe Gloves
93,6,4,8,19,1000,0,0,202|203|204|205|206|0|0,Action Gloves
94,7,4,13,25,750,0,0,0|0|0|0|0|0|0,Full Action Gloves
95,8,4,18,30,750,0,0,207|208|209|0|0|0|0,Gray Gloves
96,9,4,23,35,750,0,0,210|211|212|0|0|0|0,Hill Gray Gloves
97,10,4,25,40,500,0,0,213|214|215|0|0|0|0,Gloves of Iguje
98,11,4,30,45,500,0,0,216|217|218|0|0|0|0,Islamic Gloves
99,12,4,35,50,500,0,0,219|220|221|0|0|0|0,Venetian Gloves
100,13,4,47,57,400,0,0,222|223|224|0|0|0|0,Luxurious Venetian Gloves
101,14,4,50,65,300,0,0,225|226|227|0|0|0|0,Junior Gloves
102,15,4,58,73,200,0,0,228|229|230|231|0|0|0,Senior Gloves
103,16,4,70,80,100,0,0,232|233|234|235|0|0|0,Redfield Green Gloves
104,17,4,87,97,100,0,0,236|237|238|239|0|0|0,Redfield Black Gloves
105,31,4,8,19,1500,0,0,301|302|303|304|305|306|0,Soldier Gloves
106,32,4,28,38,1250,0,0,307|308|309|310|311|312|313,Iron Gauntlets
107,33,4,47,57,1000,0,0,314|315|316|317|318|319|320,Trunket Gloves
108,34,4,67,77,750,0,0,321|322|323|324|325|326|327,Chrome Gauntlets
109,35,4,87,97,500,0,0,328|329|330|331|332|333|334,Mighty Gauntlets
110,36,4,92,102,250,0,0,335|336|337|338|339|340|341,Kurash Gauntlets
111,37,4,97,107,250,0,0,342|343|344|345|346|347|348,Plate Gauntlets
112,61,4,8,19,1500,0,0,401|402|403|404|405|406|0,Spiritual Gloves
113,62,4,28,38,1250,0,0,407|408|409|410|411|412|413,Green Gloves of Witch
114,63,4,47,57,1000,0,0,414|415|416|417|418|419|420,Purple Gloves of Witch
115,64,4,67,77,750,0,0,421|422|423|424|425|426|427,Violet Gloves
116,65,4,87,97,500,0,0,428|429|430|431|432|433|434,Gloves of Shadow
117,66,4,92,102,250,0,0,435|436|437|438|439|440|441,Velvet Gloves of Witch
118,67,4,97,107,250,0,0,442|443|444|445|446|447|448,Heaven`s Gloves
119,91,4,8,19,1500,0,0,501|502|503|504|505|506|0,Hunter Gloves
120,91,4,47,57,1250,0,0,501|502|503|504|505|506|0,Hunter Gloves
121,92,4,28,38,1000,0,0,507|508|509|510|511|512|513,Criker Gloves
122,94,4,47,57,750,0,0,521|522|523|524|525|526|527,Black Pirate Gloves
123,95,4,47,57,500,0,0,528|529|530|531|532|533|534,Mariner`s Gloves
124,96,4,92,102,250,0,0,535|536|537|538|539|540|541,Jaguar Gloves
125,97,4,97,107,250,0,0,542|543|544|545|546|547|548,Wild Hawker Gloves
126,121,4,8,19,1500,0,0,601|602|603|604|605|606|0,Brown Gloves
127,122,4,28,38,1250,0,0,607|608|609|610|611|612|613,Vibe Gloves
128,123,4,47,57,1000,0,0,614|615|616|617|618|619|620,Tamiya Gloves
129,124,4,67,77,750,0,0,621|622|623|624|625|626|627,Semiya Gloves
130,125,4,87,97,500,0,0,628|629|630|631|632|633|634,Merchant Gloves
131,126,4,92,102,250,0,0,635|636|637|638|639|640|641,Rich Merchant Gloves
132,127,4,97,107,250,0,0,642|643|644|645|646|647|648,Redfield Chairman Gloves
133,2,5,0,0,5000,0,2,0|0|0|0|0|0|0,Red Shoes
134,3,5,0,0,4000,22,0,0|0|0|0|0|0|0,Waterproof Shoes
135,4,5,0,0,3000,22,0,0|0|0|0|0|0|0,Leather Shoes
136,5,5,0,0,2000,22,0,201|0|0|0|0|0|0,Dash Shoes
137,6,5,8,19,1000,0,0,202|203|0|0|0|0|0,Shoes of Iguje
138,7,5,13,25,750,0,0,204|205|206|0|0|0|0,Islamic Shoes
139,8,5,18,30,750,0,0,207|208|209|0|0|0|0,Field Walkers
140,9,5,23,35,750,0,0,210|211|212|0|0|0|0,Wild Walkers
141,10,5,25,40,500,0,0,213|214|215|0|0|0|0,Land Walkers
142,11,5,30,45,500,0,0,216|217|218|0|0|0|0,Earth Walkers
143,12,5,35,50,500,0,0,219|220|221|222|223|224|0,Marble Shoes
144,13,5,45,60,400,0,0,222|223|224|0|0|0|0,Luxurious Marble Shoes
145,14,5,50,65,300,0,0,225|226|227|0|0|0|0,Junior Shoes
146,15,5,58,73,200,0,0,228|229|230|231|0|0|0,Senior Shoes
147,16,5,70,85,100,0,0,232|233|234|235|0|0|0,Redfield Green Shoes
148,17,5,70,85,100,0,0,236|237|238|239|0|0|0,Redfield Black Shoes
149,31,5,8,19,1500,0,0,301|302|303|304|305|306|0,Soldier Boots
150,32,5,22,32,1250,0,0,307|308|309|310|311|312|313,Iron Boots
151,33,5,49,59,1000,0,0,314|315|316|317|318|319|320,Trunket Boots
152,34,5,69,79,750,0,0,321|322|323|324|325|326|327,Chrome Boots
153,35,5,89,99,500,0,0,328|329|330|331|332|333|334,Mighty Boots
154,36,5,95,105,250,0,0,335|336|337|338|339|340|341,Kurash Boots
155,37,5,100,110,250,0,0,342|343|344|345|346|347|348,Plate Boots
156,61,5,8,19,1500,0,0,401|402|403|404|405|406|0,Spiritual Shoes
157,62,5,22,32,1250,0,0,407|408|409|410|411|412|413,Green Sandals of Witch
158,63,5,49,59,1000,0,0,414|415|416|417|418|419|420,Purple Sandals of Witch
159,64,5,69,79,750,0,0,421|422|423|424|425|426|427,Violet Boots
160,65,5,89,99,500,0,0,428|429|430|431|432|433|434,Boots of Shadow
161,66,5,95,105,250,0,0,435|436|437|438|439|440|441,Velvet Boots of Witch
162,67,5,100,110,250,0,0,442|443|444|445|446|447|448,Heaven`s Shoes
163,91,5,8,19,1500,0,0,501|502|503|504|505|506|0,Hunter Boots
164,92,5,22,32,1250,0,0,507|508|509|510|511|512|513,Criker Boots
165,93,5,49,59,1000,0,0,514|515|516|517|518|519|520,Ranger Boots
166,94,5,69,79,750,0,0,521|522|523|524|525|526|527,Black Pirate Boots
167,95,5,89,99,500,0,0,528|529|530|531|532|533|534,Mariner`s Boots
168,96,5,95,105,250,0,0,535|536|537|538|539|540|541,Jaguar Boots
169,97,5,100,110,250,0,0,542|543|544|545|546|547|548,Wild Hawker Boots
170,121,5,8,19,1500,0,0,601|602|603|604|605|606|0,Brown Shoes
171,122,5,22,32,1250,0,0,607|608|609|610|611|612|613,Vibe Shoes
172,123,5,49,59,1000,0,0,614|615|616|617|618|619|620,Tamiya Shoes
173,124,5,69,79,750,0,0,621|622|623|624|625|626|627,Semiya Shoes
174,125,5,89,99,500,0,0,628|629|630|631|632|633|634,Merchant Boots
175,126,5,95,105,250,0,0,635|636|637|638|639|640|641,Rich Merchant Boots
176,127,5,100,110,250,0,0,642|643|644|645|646|647|648,Redfield Chairman Shoes
177,227,6,10,300,1,0,0,483|484|485|486|487|488|489,Angel Wing
178,241,6,8,19,1000,0,0,0|0|0|0|0|0|0,Turtle Backshield 
179,2,8,0,0,5000,22,0,0|0|0|0|0|0|0,Short Sword
180,3,8,8,18,3000,0,0,0|0|0|0|0|0|0,Rapier
181,4,8,15,26,3000,0,0,0|0|0|0|0|0|0,Khukuri
182,5,8,20,40,3000,0,0,501|0|0|0|0|0|0,Long Sword
183,5,8,24,39,3000,0,0,501|0|0|0|0|0|0,Long Sword
184,6,8,29,48,3000,0,0,852|0|0|0|0|0|0,Bushido
185,7,8,38,58,3000,0,0,502|0|0|0|0|0|0,Saber
186,8,8,46,66,2800,0,0,854|0|0|0|0|0|0,Elven Sword
187,9,8,54,74,2800,0,0,504|0|0|0|0|0|0,Squid Sword
188,10,8,62,82,2600,0,0,505|506|0|0|0|0|0,Shark Blade
189,11,8,70,90,2600,0,0,507|508|856|0|0|0|0,Viking Sword
190,12,8,78,98,2400,0,0,509|510|857|0|0|0|0,Blood Sword
191,13,8,85,105,2400,0,0,511|512|858|0|0|0|0,Katana
192,14,8,90,110,2400,0,0,513|514|0|0|0|0|0,Ice Sword
193,15,8,100,120,2200,0,0,515|859|0|0|0|0|0,Flare Sword
194,16,8,110,130,2200,0,0,516|517|0|0|0|0|0,Lord Black Sun Sword
195,17,8,120,140,2200,0,0,518|519|0|0|0|0|0,Flamboyant
196,18,8,130,150,2000,0,0,520|521|0|0|0|0|0,Righteous Sword
197,19,8,140,160,2000,0,0,522|523|0|0|0|0|0,Black Shamshir
198,20,8,150,170,2000,0,0,0|0|0|0|0|0|0,Death Bringer
199,21,8,160,180,1800,0,0,0|0|0|0|0|0|0,Death Expeller
200,31,8,4,12,4000,0,0,0|0|0|0|0|0|0,Wooden Bat
201,32,8,0,0,10000,0,5,0|0|0|0|0|0|0,Monkey Wrench
202,33,8,15,26,3000,0,0,0|0|0|0|0|0|0, Buffoon Mace
203,34,8,25,35,3000,0,0,531|0|0|0|0|0|0,Ogre Mace
204,35,8,34,45,3000,0,0,532|0|0|0|0|0|0,Onion Mace
205,36,8,40,55,3000,0,0,533|0|0|0|0|0|0,Ghost Bat
206,37,8,47,67,3000,0,0,534|0|0|0|0|0|0,Stone Hammer
207,38,8,55,75,3000,0,0,535|0|0|0|0|0|0,Skeleton Hammer
208,39,8,63,83,2800,0,0,536|0|0|0|0|0|0,Ice Hammer
209,61,8,35,50,3000,0,0,0|0|0|0|0|0|0,Simple Bow Gun
210,62,8,45,60,2500,0,0,561|0|0|0|0|0|0,Cutter Bow Gun
211,63,8,54,69,2000,0,0,562|0|0|0|0|0|0,Quick Bow Gun
212,64,8,63,78,2000,0,0,563|0|0|0|0|0|0,Crossbow Gun
213,65,8,72,87,1000,0,0,0|0|0|0|0|0|0,Poison Bow Gun
214,66,8,80,95,500,0,0,564|0|0|0|0|0|0,Dark Bow Gun
215,101,8,7,15,4000,0,0,0|0|0|0|0|0|0,Haedong Sword
216,102,8,15,26,3500,0,0,0|0|0|0|0|0|0,Nameless Sword
217,103,8,24,39,3000,0,0,0|0|0|0|0|0|0,Sword of Hardship
218,104,8,33,48,2500,0,0,581|0|0|0|0|0|0,Cutter Edge
219,105,8,42,57,2000,0,0,0|0|0|0|0|0|0,Surado
220,106,8,51,66,1500,0,0,582|0|0|0|0|0|0,Bull Sword
221,107,8,59,74,1000,0,0,583|0|0|0|0|0|0,Two-Handed Sword
222,108,8,67,82,500,0,0,584|0|0|0|0|0|0,After Blade
223,109,8,75,90,250,0,0,585|0|0|0|0|0|0,Executioner 
224,131,8,16,31,3000,0,0,0|0|0|0|0|0|0,Woodman Axe
225,132,8,25,40,2500,0,0,611|0|0|0|0|0|0,Small Axe
226,133,8,34,49,2500,0,0,612|0|0|0|0|0|0,Battle Axe
227,134,8,43,58,2000,0,0,613|0|0|0|0|0|0,Tomahawk
228,135,8,52,67,1500,0,0,614|0|0|0|0|0|0,Orc Axe
229,136,8,60,75,1000,0,0,615|0|0|0|0|0|0,Tower Axe
230,137,8,68,83,500,0,0,0|0|0|0|0|0|0,Cross Axe
231,138,8,76,91,250,0,0,616|0|0|0|0|0|0,Silver Axe
232,161,8,0,0,10000,0,4,0|0|0|0|0|0|0,Bamboo Spear
233,162,8,7,18,3000,0,0,0|0|0|0|0|0|0,Javelin
234,163,8,17,32,2500,0,0,0|0|0|0|0|0|0,Round Spear
235,164,8,26,41,2000,0,0,0|0|0|0|0|0|0,Scimitar
236,165,8,35,50,1500,0,0,641|0|0|0|0|0|0,Bardiche
237,166,8,44,59,1500,0,0,642|0|0|0|0|0|0,Iron Spear
238,167,8,53,68,1000,0,0,643|0|0|0|0|0|0,Trident
239,168,8,61,76,800,0,0,644|0|0|0|0|0|0,Death Spear
240,169,8,69,84,500,0,0,645|0|0|0|0|0|0,Halberd
241,170,8,77,92,250,0,0,646|0|0|0|0|0|0,Lightning Spear
242,201,8,4,15,5000,0,0,0|0|0|0|0|0|0,Toy Bow
243,202,8,8,20,3000,0,0,0|0|0|0|0|0|0,Short Bow
244,203,8,15,26,2500,0,0,0|0|0|0|0|0|0,Long Bow
245,204,8,24,39,2000,0,0,671|0|0|0|0|0|0,Orc Bow
246,205,8,33,48,2000,0,0,672|0|0|0|0|0|0,White Wing Bow
247,206,8,42,57,1500,0,0,673|0|0|0|0|0|0,Elf Bow
248,207,8,51,66,1500,0,0,674|0|0|0|0|0|0,Iron Bow
249,208,8,59,74,1000,0,0,675|0|0|0|0|0|0,Maiya Bow
250,209,8,67,82,500,0,0,0|0|0|0|0|0|0,Rider Bow
251,210,8,75,90,250,0,0,676|0|0|0|0|0|0,Half-Elf Bow
252,231,8,8,20,4000,0,0,0|0|0|0|0|0|0,Bubble Gun
253,232,8,15,26,3500,0,0,0|0|0|0|0|0|0,Air Gun
254,233,8,24,39,3000,0,0,701|0|0|0|0|0|0,Gloria Gun
255,234,8,33,48,2500,0,0,702|0|0|0|0|0|0,Iron Rifle
256,235,8,42,57,2000,0,0,703|0|0|0|0|0|0,Iron Shotgun
257,236,8,51,67,2000,0,0,704|0|0|0|0|0|0,Sorden Gun
258,237,8,59,74,1000,0,0,705|0|0|0|0|0|0,Edge Gun
259,238,8,67,82,500,0,0,0|0|0|0|0|0|0,Showdown Gun
260,239,8,75,90,250,0,0,706|0|0|0|0|0|0,Beretta
261,261,8,25,40,3500,0,0,0|0|0|0|0|0|0,Wooden Launcher
262,262,8,34,49,3000,0,0,0|0|0|0|0|0|0,Basic Launcher
263,263,8,43,58,2500,0,0,731|0|0|0|0|0|0,Hard Launcher
264,264,8,52,67,2500,0,0,732|0|0|0|0|0|0,Bronze Launcher
265,265,8,60,75,2000,0,0,0|0|0|0|0|0|0,Marble Launcher
266,266,8,68,83,1500,0,0,733|0|0|0|0|0|0,Orc Launcher
267,267,8,76,91,1000,0,0,734|0|0|0|0|0|0,Mythril Launcher
268,301,8,8,20,4000,0,0,0|0|0|0|0|0|0,Baobab Rod
269,302,8,15,26,3500,0,0,0|0|0|0|0|0|0,Lemmings Rod
270,303,8,24,39,3500,0,0,761|0|0|0|0|0|0,Animal Rod
271,304,8,33,48,3000,0,0,762|0|0|0|0|0|0,Mage`s Rod
272,305,8,42,57,2500,0,0,763|0|0|0|0|0|0,White Staff
273,306,8,51,66,2000,0,0,764|0|0|0|0|0|0,Wisp Staff
274,307,8,59,74,1500,0,0,765|0|0|0|0|0|0,Shadow Staff
275,308,8,67,82,1000,0,0,766|0|0|0|0|0|0,Golden Staff
276,309,8,75,90,500,0,0,767|768|0|0|0|0|0,Anima Staff
277,331,8,8,20,4000,0,0,0|0|0|0|0|0|0,Baobab Wand
278,332,8,15,26,3500,0,0,0|0|0|0|0|0|0,Mage`s Wand
279,333,8,25,40,3000,0,0,791|0|0|0|0|0|0,Sorcerer`s Wand
280,334,8,34,49,2500,0,0,792|0|0|0|0|0|0,Elven Wand
281,335,8,43,58,2000,0,0,793|0|0|0|0|0|0,Silence Wand
282,336,8,52,67,1500,0,0,794|0|0|0|0|0|0,Windphon Wand
283,337,8,60,75,1000,0,0,795|0|0|0|0|0|0,Flame Wand
284,338,8,68,83,500,0,0,0|0|0|0|0|0|0,Thunder Wand
285,339,8,76,91,250,0,0,796|0|0|0|0|0|0,Blizzard Wand
286,401,8,7,18,4000,0,0,0|0|0|0|0|0|0,Knuckle
287,402,8,15,26,3500,0,0,0|0|0|0|0|0|0, Sword Knuckle
288,403,8,24,39,3000,0,0,0|0|0|0|0|0|0,Katar
289,404,8,33,48,2500,0,0,821|0|0|0|0|0|0,Rake Hand
290,405,8,42,57,2000,0,0,822|0|0|0|0|0|0,Wolf`s Paw
291,406,8,51,66,1500,0,0,823|0|0|0|0|0|0,Bear`s Paw
292,407,8,59,74,1250,0,0,824|0|0|0|0|0|0,Spike Knuckle
293,408,8,67,82,1000,0,0,825|826|0|0|0|0|0,Crescent Knuckle
294,409,8,75,90,500,0,0,827|828|0|0|0|0|0,Dual Patar
295,431,8,25,40,3000,0,0,0|0|0|0|0|0|0,Khukuri & Long Sword
296,432,8,34,49,2500,0,0,851|0|0|0|0|0|0,Long Sword & Mace
297,433,8,43,58,2000,0,0,852|0|0|0|0|0|0,Dual Bushido
298,434,8,52,67,1500,0,0,853|0|0|0|0|0|0,Twin Ghost Bat
299,435,8,60,75,1000,0,0,854|0|0|0|0|0|0,Saber & Elven Sword 
300,436,8,68,83,500,0,0,855|0|0|0|0|0|0,Dual Ocean Swords
301,437,8,76,91,250,0,0,856|0|0|0|0|0|0,Viking Sword & Axe
302,901,8,0,0,1000,0,203,0|0|0|0|0|0|0,Falchion
303,901,8,0,0,1000,0,205,0|0|0|0|0|0|0,Falchion
304,902,8,0,0,1000,0,209,0|0|0|0|0|0|0,Gladius
305,902,8,0,0,1000,0,213,0|0|0|0|0|0|0,Gladius
306,902,8,0,0,1000,0,401,0|0|0|0|0|0|0,Gladius
307,902,8,0,0,1000,0,207,0|0|0|0|0|0|0,Gladius
308,903,8,0,0,1000,0,207,0|0|0|0|0|0|0,Firangi 
309,903,8,0,0,1000,0,212,0|0|0|0|0|0|0,Firangi 
310,903,8,0,0,1000,0,407,0|0|0|0|0|0|0,Firangi 
311,903,8,0,0,1000,0,162,0|0|0|0|0|0|0|0,Firangi 
312,909,8,0,0,1000,0,76,0|0|0|0|0|0|0,Gurz
313,909,8,0,0,1000,0,401,0|0|0|0|0|0|0,Gurz
314,909,8,0,0,1000,0,207,0|0|0|0|0|0|0,Gurz
315,910,8,0,0,1000,0,628,0|0|0|0|0|0|0,Spike Club
316,910,8,0,0,1000,0,404,0|0|0|0|0|0|0,Spike Club
317,910,8,0,0,1000,0,208,0|0|0|0|0|0|0,Spike Club
318,910,8,0,0,1000,0,403,0|0|0|0|0|0|0,Spike Club
319,916,8,0,0,1000,0,209,0|0|0|0|0|0|0,Composite Bow Gun
320,916,8,0,0,1000,0,628,0|0|0|0|0|0|0,Composite Bow Gun
321,916,8,0,0,1000,0,213,0|0|0|0|0|0|0,Composite Bow Gun
322,916,8,0,0,1000,0,401,0|0|0|0|0|0|0,Composite Bow Gun
323,916,8,0,0,1000,0,403,0|0|0|0|0|0|0,Composite Bow Gun
324,916,8,0,0,1000,0,208,0|0|0|0|0|0|0,Composite Bow Gun
325,917,8,0,0,1000,0,404,0|0|0|0|0|0|0,Knight Killer
326,917,8,0,0,1000,0,162,0|0|0|0|0|0|0,Knight Killer
327,917,8,0,0,1000,0,407,0|0|0|0|0|0|0,Knight Killer
328,917,8,0,0,1000,0,403,0|0|0|0|0|0|0,Knight Killer
329,917,8,0,0,1000,0,212,0|0|0|0|0|0|0,Knight Killer
330,920,8,0,0,1000,0,76,0|0|0|0|0|0|0,Zweihander
331,921,8,0,0,1000,0,403,0|0|0|0|0|0|0,Phoenixhander
332,921,8,0,0,1000,0,404,0|0|0|0|0|0|0,Phoenixhander
333,927,8,0,0,1000,0,207,0|0|0|0|0|0|0,Devil Axe
334,927,8,0,0,1000,0,209,0|0|0|0|0|0|0,Devil Axe
335,927,8,0,0,1000,0,401,0|0|0|0|0|0|0,Devil Axe
336,927,8,0,0,1000,0,208,0|0|0|0|0|0|0,Devil Axe
337,928,8,0,0,1000,0,208,0|0|0|0|0|0|0,Dark Buster
338,928,8,0,0,1000,0,212,0|0|0|0|0|0|0,Dark Buster
339,928,8,0,0,1000,0,162,0|0|0|0|0|0|0,Dark Buster
340,928,8,0,0,1000,0,404,0|0|0|0|0|0|0,Dark Buster
341,928,8,0,0,1000,0,404,0|0|0|0|0|0|0,Dark Buster
342,928,8,0,0,1000,0,408,0|0|0|0|0|0|0,Dark Buster
343,933,8,0,0,1000,0,628,0|0|0|0|0|0|0,Glaive
344,933,8,0,0,1000,0,213,0|0|0|0|0|0|0,Glaive
345,933,8,0,0,1000,0,208,0|0|0|0|0|0|0,Glaive
346,933,8,0,0,1000,0,403,0|0|0|0|0|0|0,Glaive
347,934,8,0,0,1000,0,401,0|0|0|0|0|0|0,Halbert
348,934,8,0,0,1000,0,212,0|0|0|0|0|0|0,Halbert
349,934,8,0,0,1000,0,404,0|0|0|0|0|0|0,Halbert
350,934,8,0,0,1000,0,407,0|0|0|0|0|0|0,Halbert
351,934,8,0,0,1000,0,162,0|0|0|0|0|0|0,Halbert
352,934,8,0,0,1000,0,409,0|0|0|0|0|0|0,Halbert
353,934,8,0,0,1000,0,405,0|0|0|0|0|0|0,Halbert
354,934,8,0,0,1000,0,408,0|0|0|0|0|0|0,Halbert
355,940,8,0,0,1000,0,76,0|0|0|0|0|0|0,Bow of the Fairies
356,940,8,0,0,1000,0,401,0|0|0|0|0|0|0,Bow of the Fairies
357,940,8,0,0,1000,0,207,0|0|0|0|0|0|0,Bow of the Fairies
358,940,8,0,0,1000,0,209,0|0|0|0|0|0|0,Bow of the Fairies
359,940,8,0,0,1000,0,628,0|0|0|0|0|0|0,Bow of the Fairies
360,940,8,0,0,1000,0,213,0|0|0|0|0|0|0,Bow of the Fairies
361,941,8,0,0,1000,0,628,0|0|0|0|0|0|0,Bow of Artemis
362,941,8,0,0,1000,0,403,0|0|0|0|0|0|0,Bow of Artemis
363,941,8,0,0,1000,0,208,0|0|0|0|0|0|0,Bow of Artemis
364,942,8,0,0,1000,0,403,0|0|0|0|0|0|0,Bow of Sagittarius
365,942,8,0,0,1000,0,404,0|0|0|0|0|0|0,Bow of Sagittarius
366,952,8,0,0,1000,0,76,0|0|0|0|0|0|0,Potbelly Gun
367,952,8,0,0,1000,0,401,0|0|0|0|0|0|0,Potbelly Gun
368,952,8,0,0,1000,0,208,0|0|0|0|0|0|0,Potbelly Gun
369,952,8,0,0,1000,0,209,0|0|0|0|0|0|0,Potbelly Gun
370,952,8,0,0,1000,0,207,0|0|0|0|0|0|0,Potbelly Gun
371,953,8,0,0,1000,0,208,0|0|0|0|0|0|0,Spero`s Revolver
372,953,8,0,0,1000,0,403,0|0|0|0|0|0|0,Spero`s Revolver
373,953,8,0,0,1000,0,404,0|0|0|0|0|0|0,Spero`s Revolver
374,954,8,0,0,1000,0,404,0|0|0|0|0|0|0,Abyss Rifle
375,954,8,0,0,1000,0,405,0|0|0|0|0|0|0,Abyss Rifle
376,954,8,0,0,1000,0,162,0|0|0|0|0|0|0,Abyss Rifle
377,954,8,0,0,1000,0,407,0|0|0|0|0|0|0,Abyss Rifle
378,960,8,0,0,1000,0,628,0|0|0|0|0|0|0,Gatling Multi Launcher
379,960,8,0,0,1000,0,213,0|0|0|0|0|0|0,Gatling Multi Launcher
380,960,8,0,0,1000,0,208,0|0|0|0|0|0|0,Gatling Multi Launcher
381,961,8,0,0,1000,0,405,0|0|0|0|0|0|0,Faust
382,961,8,0,0,1000,0,212,0|0|0|0|0|0|0,Faust
383,961,8,0,0,1000,0,407,0|0|0|0|0|0|0,Faust
384,967,8,0,0,1000,0,203,0|0|0|0|0|0|0,Shining Staff
385,967,8,0,0,1000,0,205,0|0|0|0|0|0|0,Shining Staff
386,968,8,0,0,1000,0,209,0|0|0|0|0|0|0,Lunar Seal Staff
387,968,8,0,0,1000,0,401,0|0|0|0|0|0|0,Lunar Seal Staff
388,968,8,0,0,1000,0,213,0|0|0|0|0|0|0,Lunar Seal Staff
389,968,8,0,0,1000,0,403,0|0|0|0|0|0|0,Lunar Seal Staff
390,969,8,0,0,1000,0,404,0|0|0|0|0|0|0,Chronicle Staff
391,969,8,0,0,1000,0,405,0|0|0|0|0|0|0,Chronicle Staff
392,969,8,0,0,1000,0,212,0|0|0|0|0|0|0,Chronicle Staff
393,975,8,0,0,1000,0,76,0|0|0|0|0|0|0,Coyote Wand
394,975,8,0,0,1000,0,205,0|0|0|0|0|0|0,Coyote Wand
395,975,8,0,0,1000,0,208,0|0|0|0|0|0|0,Coyote Wand
396,975,8,0,0,1000,0,207,0|0|0|0|0|0|0,Coyote Wand
397,976,8,0,0,1000,0,401,0|0|0|0|0|0|0,Dust Wand
398,976,8,0,0,1000,0,403,0|0|0|0|0|0|0,Dust Wand
399,976,8,0,0,1000,0,208,0|0|0|0|0|0|0,Dust Wand
400,976,8,0,0,1000,0,628,0|0|0|0|0|0|0,Dust Wand
401,977,8,0,0,1000,0,404,0|0|0|0|0|0|0,Crystal Wand
402,977,8,0,0,1000,0,405,0|0|0|0|0|0|0,Crystal Wand
403,977,8,0,0,1000,0,212,0|0|0|0|0|0|0,Crystal Wand
404,977,8,0,0,1000,0,401,0|0|0|0|0|0|0,Crystal Wand
405,983,8,0,0,1000,0,401,0|0|0|0|0|0|0,Zamadar
406,983,8,0,0,1000,0,76,0|0|0|0|0|0|0,Zamadar
407,983,8,0,0,1000,0,404,0|0|0|0|0|0|0,Zamadar
408,983,8,0,0,1000,0,207,0|0|0|0|0|0|0,Zamadar
409,984,8,0,0,1000,0,403,0|0|0|0|0|0|0,Chakram
410,984,8,0,0,1000,0,404,0|0|0|0|0|0|0,Chakram
411,984,8,0,0,1000,0,208,0|0|0|0|0|0|0,Chakram
412,985,8,0,0,1000,0,404,0|0|0|0|0|0|0,Shining Finger
413,985,8,0,0,1000,0,405,0|0|0|0|0|0|0,Shining Finger
414,985,8,0,0,1000,0,162,0|0|0|0|0|0|0,Shining Finger
415,985,8,0,0,1000,0,408,0|0|0|0|0|0|0,Shining Finger
416,985,8,0,0,1000,0,212,0|0|0|0|0|0|0,Shining Finger
417,985,8,0,0,1000,0,404,0|0|0|0|0|0|0,Shining Finger
418,991,8,0,0,1000,0,207,0|0|0|0|0|0|0,Falchion-Gladius
419,991,8,0,0,1000,0,213,0|0|0|0|0|0|0,Falchion-Gladius
420,991,8,0,0,1000,0,209,0|0|0|0|0|0|0,Falchion-Gladius
421,991,8,0,0,1000,0,404,0|0|0|0|0|0|0,Falchion-Gladius
422,992,8,0,0,1000,0,404,0|0|0|0|0|0|0,Falchion-Firangi
423,992,8,0,0,1000,0,212,0|0|0|0|0|0|0,Falchion-Firangi
424,993,8,0,0,1000,0,404,0|0|0|0|0|0|0,Firangi-Firangi
425,993,8,0,0,1000,0,408,0|0|0|0|0|0|0,Firangi-Firangi
426,993,8,0,0,1000,0,409,0|0|0|0|0|0|0,Firangi-Firangi
427,101,10,2,15,10000,0,0,0|0|0|0|0|0|0,Apple
428,102,10,12,25,10000,0,0,0|0|0|0|0|0|0,Banana
429,103,10,22,35,10000,0,0,0|0|0|0|0|0|0,Grapes
430,104,10,32,45,10000,0,0,0|0|0|0|0|0|0,Kiwi
431,105,10,42,55,10000,0,0,0|0|0|0|0|0|0,Orange
432,106,10,52,65,10000,0,0,0|0|0|0|0|0|0,Mango
433,107,10,62,75,10000,0,0,0|0|0|0|0|0|0,Boiled Egg
434,108,10,72,85,10000,0,0,0|0|0|0|0|0|0,Beef Jerky
435,109,10,82,95,10000,0,0,0|0|0|0|0|0|0,Cooked Meat
436,110,10,92,105,10000,0,0,0|0|0|0|0|0|0,Peach
437,111,10,102,115,10000,0,0,0|0|0|0|0|0|0,Strawberry
438,112,10,112,125,10000,0,0,0|0|0|0|0|0|0,Tomato
439,113,10,122,135,10000,0,0,0|0|0|0|0|0|0,Plum
440,114,10,132,145,10000,0,0,0|0|0|0|0|0|0,Sandwich
441,115,10,142,155,10000,0,0,0|0|0|0|0|0|0,Hamburger
442,116,10,152,165,10000,0,0,0|0|0|0|0|0|0,Sausage
443,117,10,162,175,10000,0,0,0|0|0|0|0|0|0,Meatball
444,118,10,172,210,10000,0,0,0|0|0|0|0|0|0,Silver Carp Shaped Bread
445,120,10,2,20,10000,0,0,0|0|0|0|0|0|0,Milk
446,121,10,15,35,10000,0,0,0|0|0|0|0|0|0,Banana Milk
447,122,10,30,50,10000,0,0,0|0|0|0|0|0|0,Strawberry Flavored Milk
448,123,10,45,65,10000,0,0,0|0|0|0|0|0|0,Apple Juice
449,124,10,60,80,10000,0,0,0|0|0|0|0|0|0,Grape Juice
450,125,10,75,95,10000,0,0,0|0|0|0|0|0|0,Orange Juice
451,126,10,90,110,10000,0,0,0|0|0|0|0|0|0,Mango Juice
452,127,10,105,125,10000,0,0,0|0|0|0|0|0|0,Kiwi Juice
453,128,10,120,140,10000,0,0,0|0|0|0|0|0|0,Strawberry Juice
454,130,10,135,155,10000,0,0,0|0|0|0|0|0|0,Peach Juice
455,131,10,150,210,10000,0,0,0|0|0|0|0|0|0,Tomato Juice
456,390,10,65,90,1000,0,0,0|0|0|0|0|0|0,Rhumba (M)
457,391,10,55,80,1000,0,0,0|0|0|0|0|0|0,Waltz (M)
458,392,10,45,70,1000,0,0,0|0|0|0|0|0|0,Jive (M)
459,393,10,35,60,1000,0,0,0|0|0|0|0|0|0,Cha-Cha (M)
460,394,10,65,90,1000,0,0,0|0|0|0|0|0|0,Rhumba (F)
461,395,10,55,80,1000,0,0,0|0|0|0|0|0|0,Waltz (F)
462,396,10,45,70,1000,0,0,0|0|0|0|0|0|0,Jive (F)
463,397,10,35,60,1000,0,0,0|0|0|0|0|0|0,Cha-Cha (F)
464,402,10,0,0,5000,0,3,0|0|0|0|0|0|0,Jelly Nut
465,403,10,120,190,5000,0,12,0|0|0|0|0|0|0,Choropy
466,1,12,0,0,10000,24,0,0|0|0|0|0|0|0,Rusted Iron
467,2,12,11,30,10000,0,0,0|0|0|0|0|0|0,Tin
468,3,12,21,40,10000,0,0,0|0|0|0|0|0|0,Copper
469,4,12,31,50,10000,0,0,0|0|0|0|0|0|0,Bronze
470,5,12,41,80,10000,0,0,0|0|0|0|0|0|0,Iron
471,6,12,51,90,10000,0,0,0|0|0|0|0|0|0,Silver Iron
472,7,12,0,0,9000,27,0,0|0|0|0|0|0|0,Steel
473,7,12,75,95,9000,0,0,0|0|0|0|0|0|0,Steel
474,8,12,0,0,5000,28,0,0|0|0|0|0|0|0,Chromium
475,8,12,90,110,7000,0,0,0|0|0|0|0|0|0,Chromium
476,9,12,0,0,2500,51,0,0|0|0|0|0|0|0,Tiar
477,9,12,81,120,6000,0,0,0|0|0|0|0|0|0,Tiar
478,10,12,0,0,2500,52,0,0|0|0|0|0|0|0,Damascus
479,11,12,0,0,2500,52,0,0|0|0|0|0|0|0,Unprocessed Metal
480,11,12,0,0,2500,57,0,0|0|0|0|0|0|0,Unprocessed Metal
481,11,12,101,140,5000,0,0,0|0|0|0|0|0|0,Unprocessed Metal
482,12,12,0,0,4500,53,0,0|0|0|0|0|0|0,Demon Metal
483,12,12,0,0,4500,57,0,0|0|0|0|0|0|0,Demon Metal
484,12,12,135,150,4000,0,0,0|0|0|0|0|0|0,Demon Metal
485,13,12,0,0,5000,61,0,0|0|0|0|0|0|0,Wolf Steel
486,13,12,130,160,3000,0,0,0|0|0|0|0|0|0,Wolf Steel
487,14,12,0,0,5000,61,0,0|0|0|0|0|0|0,Mercury
488,14,12,0,0,4000,62,0,0|0|0|0|0|0|0,Mercury
489,14,12,131,170,2000,0,0,0|0|0|0|0|0|0,Mercury
490,15,12,0,0,5000,62,0,0|0|0|0|0|0|0,Molive
491,15,12,141,180,1000,0,0,0|0|0|0|0|0|0,Molive
492,16,12,0,0,3000,63,0,0|0|0|0|0|0|0,Angelic Metal
493,16,12,151,190,1000,0,0,0|0|0|0|0|0|0,Angelic Metal
494,17,12,0,0,3000,63,0,0|0|0|0|0|0|0,Orihalcon
495,17,12,0,0,3000,65,0,0|0|0|0|0|0|0,Orihalcon
496,17,12,161,200,500,0,0,0|0|0|0|0|0|0,Orihalcon
497,18,12,0,0,5000,64,0,0|0|0|0|0|0|0,Adamantium
498,18,12,0,0,5000,65,0,0|0|0|0|0|0|0,Adamantium
499,18,12,171,210,4000,0,0,0|0|0|0|0|0|0,Adamantium
500,19,12,0,0,4000,63,0,0|0|0|0|0|0|0,Otherworldly Metal
501,19,12,0,0,4000,66,0,0|0|0|0|0|0|0,Otherworldly Metal
502,19,12,181,220,3000,0,0,0|0|0|0|0|0|0,Otherworldly Metal
503,20,12,0,0,3000,28,0,0|0|0|0|0|0|0,Mythril
504,20,12,0,0,3000,57,0,0|0|0|0|0|0|0,Mythril
505,20,12,0,0,3000,67,0,0|0|0|0|0|0|0,Mythril
506,21,12,0,0,7500,37,0,0|0|0|0|0|0|0,Pebble
507,22,12,0,0,5000,52,0,0|0|0|0|0|0|0,Yellowish Stone
508,23,12,0,0,2500,62,0,0|0|0|0|0|0|0,Sandstone
509,24,12,0,0,2000,67,0,0|0|0|0|0|0|0,Gravel Stone
510,25,12,0,0,1500,0,1541,0|0|0|0|0|0|0,Granite
511,31,12,5,20,10000,0,0,0|0|0|0|0|0|0,Twig
512,32,12,11,30,10000,0,0,0|0|0|0|0|0|0,Maple Wood
513,33,12,21,40,10000,0,0,0|0|0|0|0|0|0,Aromatic Wood
514,34,12,31,50,10000,0,0,0|0|0|0|0|0|0,Oak Wood
515,35,12,41,80,10000,0,0,0|0|0|0|0|0|0,Paulownia Wood
516,36,12,51,90,9000,0,0,0|0|0|0|0|0|0,Pine Wood
517,37,12,61,81,8000,0,0,0|0|0|0|0|0|0,Cinnamon Wood
518,38,12,71,90,7000,0,0,0|0|0|0|0|0|0,Red Sandalwood
519,39,12,101,150,6000,0,0,0|0|0|0|0|0|0,Otherworldly Wood
520,40,12,111,140,5000,0,0,0|0|0|0|0|0|0,Sephiroth Wood
521,41,12,6,21,10000,0,0,0|0|0|0|0|0|0,Worn-out Leather
522,42,12,11,30,10000,0,0,0|0|0|0|0|0|0,Thin Leather
523,43,12,21,40,10000,0,0,0|0|0|0|0|0|0,Sleek Leather
524,44,12,31,50,10000,0,0,0|0|0|0|0|0|0,Tough Leather
525,45,12,41,80,10000,0,0,0|0|0|0|0|0|0,Tender Leather
526,46,12,51,100,10000,0,0,0|0|0|0|0|0|0,Gorgeous Leather
527,47,12,61,81,9000,0,0,0|0|0|0|0|0|0,Thick Leather
528,48,12,90,110,8000,0,0,0|0|0|0|0|0|0,Hard Leather
529,49,12,120,160,7000,0,0,0|0|0|0|0|0|0,Transparent Leather
530,50,12,101,180,6000,0,0,0|0|0|0|0|0|0,Patterned Leather
531,51,12,15,30,10000,0,0,0|0|0|0|0|0|0,Tough Cloth
532,52,12,30,55,10000,0,0,0|0|0|0|0|0|0,Linen
533,53,12,40,80,10000,0,0,0|0|0|0|0|0|0,Plain Weave
534,54,12,50,90,10000,0,0,0|0|0|0|0|0|0,Cotton
535,55,12,60,80,10000,0,0,0|0|0|0|0|0|0,Felt
536,56,12,70,110,10000,0,0,0|0|0|0|0|0|0,Wool
537,57,12,80,100,9000,0,0,0|0|0|0|0|0|0,Denim
538,58,12,90,130,8000,0,0,0|0|0|0|0|0|0,Twill
539,59,12,120,140,7000,0,0,0|0|0|0|0|0|0,Silk
540,60,12,110,150,6000,0,0,0|0|0|0|0|0|0,Lace
541,61,12,50,70,2000,0,0,0|0|0|0|0|0|0,Low Essence
542,62,12,70,90,1750,0,0,0|0|0|0|0|0|0,Essence
543,63,12,80,100,2000,0,0,0|0|0|0|0|0|0,Low Ether
544,64,12,90,110,1750,0,0,0|0|0|0|0|0|0,Ether
545,65,12,120,140,1500,0,0,0|0|0|0|0|0|0,High Ether
546,66,12,125,130,1500,0,0,0|0|0|0|0|0|0,Elixir
547,67,12,110,140,1000,0,0,0|0|0|0|0|0|0,Hime
548,68,12,120,160,500,0,0,0|0|0|0|0|0|0,Low Enthiric
549,69,12,130,180,500,0,0,0|0|0|0|0|0|0,Enthiric
550,70,12,140,200,500,0,0,0|0|0|0|0|0|0,Hermes
551,71,12,8,25,10000,0,0,0|0|0|0|0|0|0,1st Grade Talisman
552,72,12,25,45,9000,0,0,0|0|0|0|0|0|0,2nd Grade Talisman
553,72,12,25,45,9000,0,0,0|0|0|0|0|0|0,2nd Grade Talisman
554,73,12,45,65,8000,0,0,0|0|0|0|0|0|0,3rd Grade Talisman
555,73,12,45,65,8000,0,0,0|0|0|0|0|0|0,3rd Grade Talisman
556,74,12,65,85,7000,0,0,0|0|0|0|0|0|0,4th Grade Talisman
557,74,12,65,85,7000,0,0,0|0|0|0|0|0|0,4th Grade Talisman
558,75,12,85,105,6000,0,0,0|0|0|0|0|0|0,5th Grade Talisman
559,75,12,85,105,6000,0,0,0|0|0|0|0|0|0,5th Grade Talisman
560,76,12,105,125,5000,0,0,0|0|0|0|0|0|0,6th Grade Talisman
561,76,12,105,125,5000,0,0,0|0|0|0|0|0|0,6th Grade Talisman
562,77,12,125,145,4000,0,0,0|0|0|0|0|0|0,7th Grade Talisman
563,77,12,125,145,4000,0,0,0|0|0|0|0|0|0,7th Grade Talisman
564,78,12,145,185,3000,0,0,0|0|0|0|0|0|0,8th Grade Talisman
565,78,12,145,185,3000,0,0,0|0|0|0|0|0|0,8th Grade Talisman
566,81,12,8,25,10000,0,0,0|0|0|0|0|0|0,1st Grade Bindrune
567,81,12,8,25,10000,0,0,0|0|0|0|0|0|0,1st Grade Bindrune
568,82,12,25,45,9000,0,0,0|0|0|0|0|0|0,2nd Grade Bindrune
569,82,12,25,45,9000,0,0,0|0|0|0|0|0|0,2nd Grade Bindrune
570,83,12,45,65,8000,0,0,0|0|0|0|0|0|0,3rd Grade Bindrune
571,83,12,45,65,8000,0,0,0|0|0|0|0|0|0,3rd Grade Bindrune
572,84,12,65,85,7000,0,0,0|0|0|0|0|0|0,4th Grade Bindrune
573,84,12,65,85,7000,0,0,0|0|0|0|0|0|0,4th Grade Bindrune
574,85,12,85,105,6000,0,0,0|0|0|0|0|0|0,5th Grade Bindrune
575,85,12,85,105,6000,0,0,0|0|0|0|0|0|0,5th Grade Bindrune
576,86,12,105,125,5000,0,0,0|0|0|0|0|0|0,6th Grade Bindrune
577,86,12,105,125,5000,0,0,0|0|0|0|0|0|0,6th Grade Bindrune
578,87,12,125,145,4000,0,0,0|0|0|0|0|0|0,7th Grade Bindrune
579,87,12,125,145,4000,0,0,0|0|0|0|0|0|0,7th Grade Bindrune
580,88,12,145,185,3000,0,0,0|0|0|0|0|0|0,8th Grade Bindrune
581,88,12,145,185,3000,0,0,0|0|0|0|0|0|0,8th Grade Bindrune
582,91,12,0,0,2500,21,0,0|0|0|0|0|0|0,Ink
583,91,12,0,0,2500,1,0,0|0|0|0|0|0|0,Ink
584,92,12,0,0,2500,23,0,0|0|0|0|0|0|0,Distilled Water
585,92,12,0,0,2500,24,0,0|0|0|0|0|0|0,Distilled Water
586,93,12,0,0,2500,25,0,0|0|0|0|0|0|0,Oil
587,93,12,0,0,2500,26,0,0|0|0|0|0|0|0,Oil
588,94,12,0,0,2500,27,0,0|0|0|0|0|0|0,Rubber Sap
589,94,12,0,0,2500,26,0,0|0|0|0|0|0|0,Rubber Sap
590,95,12,0,0,2500,23,0,0|0|0|0|0|0|0,Glue
591,95,12,0,0,2500,25,0,0|0|0|0|0|0|0,Glue
592,96,12,0,0,2500,28,0,0|0|0|0|0|0|0,Alcohol
593,97,12,0,0,2500,1,0,0|0|0|0|0|0|0,Dyes
594,97,12,0,0,2500,21,0,0|0|0|0|0|0|0,Dyes
595,98,12,0,0,7500,33,0,0|0|0|0|0|0|0,Coal
596,99,12,0,0,7500,28,0,0|0|0|0|0|0|0,Broken Metal Fragment
597,100,12,0,0,7500,62,0,0|0|0|0|0|0|0,Gunpowder
598,101,12,0,0,7500,25,0,0|0|0|0|0|0|0,Thick Iron Piece
599,102,12,0,0,7500,22,0,0|0|0|0|0|0|0,Sharp Iron Piece
600,111,12,0,0,5000,21,0,0|0|0|0|0|0|0,Iron Thread
601,111,12,0,0,5000,22,0,0|0|0|0|0|0|0,Iron Thread
602,111,12,0,0,5000,23,0,0|0|0|0|0|0|0,Iron Thread
603,111,12,0,0,5000,24,0,0|0|0|0|0|0|0,Iron Thread
604,112,12,0,0,3500,1,0,0|0|0|0|0|0|0,Silver Thread
605,112,12,0,0,3500,23,0,0|0|0|0|0|0|0,Silver Thread
606,112,12,0,0,3500,1,0,0|0|0|0|0|0|0,Silver Thread
607,112,12,0,0,3500,23,0,0|0|0|0|0|0|0,Silver Thread
608,113,12,0,0,2000,25,0,0|0|0|0|0|0|0,Gold Thread
609,113,12,0,0,2000,26,0,0|0|0|0|0|0|0,Gold Thread
610,113,12,0,0,2000,25,0,0|0|0|0|0|0|0,Gold Thread
611,113,12,0,0,2000,26,0,0|0|0|0|0|0|0,Gold Thread
612,113,12,0,0,2000,61,0,0|0|0|0|0|0|0,Gold Thread
613,114,12,0,0,1000,27,0,0|0|0|0|0|0|0,Platinum Thread
614,114,12,0,0,1000,27,0,0|0|0|0|0|0|0,Platinum Thread
615,114,12,0,0,2500,31,0,0|0|0|0|0|0|0,Platinum Thread
616,115,12,0,0,2500,32,0,0|0|0|0|0|0|0,Precious Platinum Thread
617,115,12,0,0,1000,28,0,0|0|0|0|0|0|0,Precious Platinum Thread
618,115,12,0,0,1000,51,0,0|0|0|0|0|0|0,Precious Platinum Thread
619,116,12,30,55,10000,0,0,0|0|0|0|0|0|0,Netil
620,117,12,50,85,5000,0,0,0|0|0|0|0|0|0,Metil
621,118,12,70,95,5000,0,0,0|0|0|0|0|0|0,Etil
622,119,12,110,135,3000,0,0,0|0|0|0|0|0|0,Petil
623,120,12,130,185,3000,0,0,0|0|0|0|0|0|0,Setil
624,121,12,0,0,10000,1,0,0|0|0|0|0|0|0,Crystal Stone
625,121,12,0,0,10000,24,0,0|0|0|0|0|0|0,Crystal Stone
626,122,12,0,0,8000,25,0,0|0|0|0|0|0|0,Wind Stone
627,122,12,0,0,8000,26,0,0|0|0|0|0|0|0,Wind Stone
628,123,12,0,0,7000,23,0,0|0|0|0|0|0|0,Earth Stone
629,123,12,0,0,7000,25,0,0|0|0|0|0|0|0,Earth Stone
630,123,12,0,0,7000,53,0,0|0|0|0|0|0|0,Earth Stone
631,123,12,0,0,7000,54,0,0|0|0|0|0|0|0,Earth Stone
632,123,12,0,0,7000,52,0,0|0|0|0|0|0|0,Earth Stone
633,124,12,0,0,5000,27,0,0|0|0|0|0|0|0,Fire Stone
634,124,12,0,0,5000,33,0,0|0|0|0|0|0|0,Fire Stone
635,124,12,0,0,5000,29,0,0|0|0|0|0|0|0,Fire Stone
636,124,12,0,0,5000,55,0,0|0|0|0|0|0|0,Fire Stone
637,124,12,0,0,5000,66,0,0|0|0|0|0|0|0,Fire Stone
638,125,12,10,25,1000,0,0,0|0|0|0|0|0|0,Light Stone
639,125,12,10,25,1000,67,0,0|0|0|0|0|0|0,Light Stone
640,125,12,10,25,1000,68,0,0|0|0|0|0|0|0,Light Stone
641,126,12,20,60,10000,0,0,0|0|0|0|0|0|0,Lesian
642,126,12,20,60,10000,0,0,0|0|0|0|0|0|0,Lesian
643,127,12,40,100,8000,0,0,0|0|0|0|0|0|0,Misian
644,127,12,50,100,8000,0,0,0|0|0|0|0|0|0,Misian
645,128,12,55,89,6000,0,0,0|0|0|0|0|0|0,Hersian
646,128,12,80,130,6000,0,0,0|0|0|0|0|0|0,Hersian
647,129,12,120,140,4000,0,0,0|0|0|0|0|0|0,Jilsian
648,129,12,120,150,4000,0,0,0|0|0|0|0|0|0,Jilsian
649,130,12,90,120,2000,0,0,0|0|0|0|0|0|0,Lusian
650,130,12,140,200,2000,0,0,0|0|0|0|0|0|0,Lusian
651,131,12,0,0,1000,0,938,0|0|0|0|0|0|0|0,Ancient Copper Coin
652,132,12,0,0,1000,0,365,0|0|0|0|0|0|0|0,Ancient Silver Coin
653,133,12,0,0,1000,0,374,0|0|0|0|0|0|0|0,Ancient Gold Coin
654,134,12,0,0,1000,0,139,0|0|0|0|0|0|0,Ancient Tablet1
655,135,12,0,0,1000,0,158,0|0|0|0|0|0|0,Ancient Tablet2
656,136,12,0,0,1000,0,348,0|0|0|0|0|0|0,Ancient Tablet3
657,137,12,0,0,1000,0,344,0|0|0|0|0|0|0,Ancient Tablet4
658,138,12,0,0,1000,0,544,0|0|0|0|0|0|0,Ancient Tablet5
659,142,12,0,0,2500,51,0,0|0|0|0|0|0|0,Coin of Eucar Tribe
660,143,12,0,0,2500,55,0,0|0|0|0|0|0|0,Ocarina Pieces
661,144,12,0,0,2500,53,0,0|0|0|0|0|0|0,Ice Key Fragment
662,146,12,0,0,2500,54,0,0|0|0|0|0|0|0,Rusty Bell
663,147,12,0,0,2500,52,0,0|0|0|0|0|0|0|0,Colorful Paper
664,148,12,0,0,2500,32,0,0|0|0|0|0|0|0,Match
665,149,12,0,0,2500,55,0,0|0|0|0|0|0|0|0,Ripped Book
666,151,12,100,120,2500,0,0,0|0|0|0|0|0|0,Black Hearts
667,152,12,120,140,1000,0,0,0|0|0|0|0|0|0,Green Hearts
668,153,12,120,140,500,0,0,0|0|0|0|0|0|0,Blue Hearts
669,153,12,140,160,500,0,0,0|0|0|0|0|0|0,Blue Hearts
670,155,12,120,140,400,0,0,0|0|0|0|0|0|0,Red Hearts
671,155,12,160,180,400,0,0,0|0|0|0|0|0|0,Red Hearts
672,156,12,130,150,300,0,0,0|0|0|0|0|0|0,Golden Hearts
673,156,12,180,200,300,0,0,0|0|0|0|0|0|0,Golden Hearts
674,157,12,200,220,200,0,0,0|0|0|0|0|0|0,White Hearts
675,161,12,15,30,5000,0,0,0|0|0|0|0|0|0,Green Crystal
676,161,12,15,30,5000,0,0,0|0|0|0|0|0|0,Green Crystal
677,162,12,0,0,4000,28,0,0|0|0|0|0|0|0,Blue Crystal
678,162,12,0,0,4000,29,0,0|0|0|0|0|0|0,Blue Crystal
679,163,12,0,0,3000,29,0,0|0|0|0|0|0|0,Red Crystal
680,163,12,0,0,3000,33,0,0|0|0|0|0|0|0,Red Crystal
681,164,12,0,0,2000,55,0,0|0|0|0|0|0|0,White Crystal
682,164,12,0,0,2000,53,0,0|0|0|0|0|0|0,White Crystal
683,171,12,0,0,7500,21,0,0|0|0|0|0|0|0,Thin Insect Shell
684,171,12,0,0,7500,23,0,0|0|0|0|0|0|0,Thin Insect Shell
685,171,12,0,0,7500,22,0,0|0|0|0|0|0|0,Thin Insect Shell
686,171,12,0,0,7500,21,0,0|0|0|0|0|0|0,Thin Insect Shell
687,172,12,15,30,10000,0,0,0|0|0|0|0|0|0,Thick Insect Shell
688,172,12,15,30,10000,0,0,0|0|0|0|0|0|0,Thick Insect Shell
689,173,12,0,0,7500,23,0,0|0|0|0|0|0|0,Limpid Skin
690,174,12,0,0,5000,22,0,0|0|0|0|0|0|0,Sticky Husk
691,175,12,0,0,5000,24,0,0|0|0|0|0|0|0,Insect Feeler
692,176,12,0,0,5000,25,0,0|0|0|0|0|0|0,Insect Leg
693,177,12,0,0,5000,26,0,0|0|0|0|0|0|0,Insect Wing
694,178,12,0,0,5000,23,0,0|0|0|0|0|0|0,Sticky Liquid
695,178,12,0,0,5000,22,0,0|0|0|0|0|0|0,Sticky Liquid
696,179,12,0,0,7500,0,43,0|0|0|0|0|0|0,Weed Root
697,179,12,0,0,7500,0,41,0|0|0|0|0|0|0,Weed Root
698,179,12,0,0,7500,0,43,0|0|0|0|0|0|0,Weed Root
699,179,12,0,0,7500,0,41,0|0|0|0|0|0|0,Weed Root
700,180,12,0,0,7500,0,41,0|0|0|0|0|0|0,Weed Stem
701,180,12,0,0,7500,0,43,0|0|0|0|0|0|0,Weed Stem
702,180,12,0,0,7500,0,41,0|0|0|0|0|0|0,Weed Stem
703,180,12,0,0,7500,0,43,0|0|0|0|0|0|0,Weed Stem
704,181,12,0,0,5000,26,0,0|0|0|0|0|0|0,Pollen
705,182,12,0,0,5000,26,0,0|0|0|0|0|0|0,Thin Leaf
706,183,12,0,0,5000,26,0,0|0|0|0|0|0|0,Thick Leaf
707,184,12,0,0,5000,0,41,0|0|0|0|0|0|0,Plant Seed
708,184,12,0,0,5000,0,43,0|0|0|0|0|0|0,Plant Seed
709,184,12,0,0,5000,0,42,0|0|0|0|0|0|0,Plant Seed
710,184,12,0,0,5000,0,44,0|0|0|0|0|0|0,Plant Seed
711,185,12,0,0,10000,0,101,0|0|0|0|0|0|0|0,White Animal Tail Fur
712,185,12,0,0,10000,0,102,0|0|0|0|0|0|0|0,White Animal Tail Fur
713,186,12,0,0,10000,0,131,0|0|0|0|0|0|0,Red Animal Tail Fur
714,186,12,0,0,10000,0,132,0|0|0|0|0|0|0,Red Animal Tail Fur
715,186,12,0,0,10000,0,135,0|0|0|0|0|0|0|0,Red Animal Tail Fur
716,186,12,0,0,10000,0,133,0|0|0|0|0|0|0,Red Animal Tail Fur
717,186,12,0,0,10000,0,131,0|0|0|0|0|0|0,Red Animal Tail Fur
718,186,12,0,0,10000,0,132,0|0|0|0|0|0|0,Red Animal Tail Fur
719,186,12,0,0,10000,0,136,0|0|0|0|0|0|0|0,Red Animal Tail Fur
720,186,12,0,0,10000,0,133,0|0|0|0|0|0|0,Red Animal Tail Fur
721,187,12,0,0,5000,27,0,0|0|0|0|0|0|0,Black Animal Tail Fur
722,188,12,0,0,5000,27,0,0|0|0|0|0|0|0,Animal Tail Fur
723,189,12,0,0,3000,27,0,0|0|0|0|0|0|0,Predator Claw
724,190,12,0,0,8000,26,0,0|0|0|0|0|0|0,Bark
725,191,12,0,0,10000,24,0,0|0|0|0|0|0|0,Animal Leg Bone
726,192,12,0,0,10000,24,0,0|0|0|0|0|0|0,Animal Backbone
727,193,12,0,0,10000,55,0,0|0|0|0|0|0|0,Frozen Animal Fur
728,194,12,0,0,10000,55,0,0|0|0|0|0|0|0,Ice Shard
729,195,12,0,0,10000,28,0,0|0|0|0|0|0|0,Broken Horn
730,196,12,0,0,2500,22,0,0|0|0|0|0|0|0,Bird Feather
731,196,12,0,0,2500,21,0,0|0|0|0|0|0|0,Bird Feather
732,196,12,0,0,2500,1,0,0|0|0|0|0|0|0,Bird Feather
733,196,12,0,0,2500,23,0,0|0|0|0|0|0|0,Bird Feather
734,196,12,0,0,2500,22,0,0|0|0|0|0|0|0,Bird Feather
735,196,12,0,0,2500,21,0,0|0|0|0|0|0|0,Bird Feather
736,196,12,0,0,2500,1,0,0|0|0|0|0|0|0,Bird Feather
737,196,12,0,0,2500,23,0,0|0|0|0|0|0|0,Bird Feather
738,197,12,25,200,3000,0,0,0|0|0|0|0|0|0,Nymph Powder
739,197,12,25,200,3000,0,0,0|0|0|0|0|0|0,Nymph Powder
740,198,12,100,120,1000,0,0,0|0|0|0|0|0|0,Little Angel Feather
741,198,12,100,120,1000,0,0,0|0|0|0|0|0|0,Little Angel Feather
742,199,12,100,120,750,0,0,0|0|0|0|0|0|0,Little Devil Feather
743,199,12,100,120,750,0,0,0|0|0|0|0|0|0,Little Devil Feather
744,200,12,0,0,2500,0,201,0|0|0|0|0|0|0,Dragon Scale
745,200,12,0,0,2500,0,202,0|0|0|0|0|0|0,Dragon Scale
746,200,12,0,0,2500,0,660,0|0|0|0|0|0|0,Dragon Scale
747,200,12,0,0,2500,0,408,0|0|0|0|0|0|0,Dragon Scale
748,200,12,0,0,2500,0,201,0|0|0|0|0|0|0,Dragon Scale
749,200,12,0,0,2500,0,1388,0|0|0|0|0|0|0,Dragon Scale
750,200,12,0,0,2500,0,660,0|0|0|0|0|0|0,Dragon Scale
751,200,12,0,0,2500,0,661,0|0|0|0|0|0|0,Dragon Scale
752,201,12,60,80,5000,0,0,0|0|0|0|0|0|0,Steam Oil
753,201,12,60,80,5000,0,0,0|0|0|0|0|0|0,Steam Oil
754,202,12,70,85,4000,0,0,0|0|0|0|0|0|0,Steam Heat
755,202,12,70,85,4000,0,0,0|0|0|0|0|0|0,Steam Heat
756,203,12,95,115,3000,0,0,0|0|0|0|0|0|0,Steam Viper
757,203,12,95,115,3000,0,0,0|0|0|0|0|0|0,Steam Viper
758,204,12,125,155,2500,0,0,0|0|0|0|0|0|0,Mana Metal
759,204,12,125,155,2500,0,0,0|0|0|0|0|0|0,Mana Metal
760,205,12,130,180,2000,0,0,0|0|0|0|0|0|0,Mana Oil
761,205,12,130,180,2000,0,0,0|0|0|0|0|0|0,Mana Oil
762,206,12,140,200,1500,0,0,0|0|0|0|0|0|0,Mana Heat
763,206,12,140,200,1500,0,0,0|0|0|0|0|0|0,Mana Heat
764,207,12,135,180,1000,0,0,0|0|0|0|0|0|0,Mana Generator
765,207,12,135,180,1000,0,0,0|0|0|0|0|0|0,Mana Generator
766,208,12,130,230,800,0,0,0|0|0|0|0|0|0,Mana Crystal
767,208,12,130,230,800,0,0,0|0|0|0|0|0|0,Mana Crystal
768,209,12,140,240,500,0,0,0|0|0|0|0|0|0,Mana Article
769,209,12,140,240,500,0,0,0|0|0|0|0|0|0,Mana Article
770,210,12,150,250,200,0,0,0|0|0|0|0|0|0,Mana Load
771,210,12,150,250,200,0,0,0|0|0|0|0|0|0,Mana Load
772,211,12,60,90,5000,0,0,0|0|0|0|0|0|0,Wooden Cart Schematic
773,211,12,60,90,5000,0,0,0|0|0|0|0|0|0,Wooden Cart Schematic
774,212,12,70,100,2500,0,0,0|0|0|0|0|0|0,Sporty Cart Schematic
775,212,12,70,100,2500,0,0,0|0|0|0|0|0|0,Sporty Cart Schematic
776,221,12,80,110,5000,0,0,0|0|0|0|0|0|0,Cart Engine Schematic
777,221,12,80,110,5000,0,0,0|0|0|0|0|0|0,Cart Engine Schematic
778,226,12,110,130,2500,0,0,0|0|0|0|0|0|0,Woodstock Schematic
779,226,12,110,130,2500,0,0,0|0|0|0|0|0|0,Woodstock Schematic
780,227,12,110,130,5000,0,0,0|0|0|0|0|0|0,Lifman Schematic
781,227,12,110,130,5000,0,0,0|0|0|0|0|0|0,Lifman Schematic
782,231,12,110,130,5000,0,0,0|0|0|0|0|0|0,Castle Gear Engine Schematic
783,231,12,110,130,5000,0,0,0|0|0|0|0|0|0,Castle Gear Engine Schematic
784,235,12,110,130,5000,0,0,0|0|0|0|0|0|0,Castle Gear Arm Schematic
785,235,12,110,130,5000,0,0,0|0|0|0|0|0|0,Castle Gear Arm Schematic
786,261,12,0,0,7500,0,335,0|0|0|0|0|0|0,Wolf Claw
787,261,12,0,0,7500,0,336,0|0|0|0|0|0|0,Wolf Claw
788,261,12,0,0,7500,0,337,0|0|0|0|0|0|0,Wolf Claw
789,261,12,0,0,7500,0,338,0|0|0|0|0|0|0,Wolf Claw
790,261,12,0,0,7500,0,339,0|0|0|0|0|0|0,Wolf Claw
791,262,12,0,0,2500,0,219,0|0|0|0|0|0|0,Yeti Charm
792,263,12,0,0,5000,0,346,0|0|0|0|0|0|0,Ruper Crest
793,263,12,0,0,5000,0,347,0|0|0|0|0|0|0,Ruper Crest
794,263,12,0,0,5000,0,348,0|0|0|0|0|0|0,Ruper Crest
795,263,12,0,0,5000,0,349,0|0|0|0|0|0|0,Ruper Crest
796,264,12,0,0,5000,0,213,0|0|0|0|0|0|0,Giants Heart
797,264,12,0,0,5000,0,76,0|0|0|0|0|0|0,Giants Heart
798,264,12,0,0,1000,0,1385,0|0|0|0|0|0|0,Giants Heart
799,265,12,0,0,1000,0,362,0|0|0|0|0|0|0,Frozen Scales
800,267,12,0,0,5000,0,0,0|0|0|0|0|0|0,Huge Horn
801,270,12,0,0,2500,0,381,0|0|0|0|0|0|0,Behemoth Tendon
802,271,12,0,0,2500,0,938,0|0|0|0|0|0|0,Sharp Thorn
803,272,12,0,0,2500,0,571,0|0|0|0|0|0|0,Noctilucent Leaf
804,279,12,0,0,2500,0,208,0|0|0|0|0|0|0,Killer Leaf
805,280,12,0,0,2500,0,0,0|0|0|0|0|0|0,Paper Wing Pieces
806,281,12,0,0,2500,0,0,0|0|0|0|0|0|0,Plasma
807,282,12,0,0,1000,68,0,0|0|0|0|0|0|0,Sikuku Costume
808,301,12,10,60,10000,0,0,0|0|0|0|0|0|0,Wooden Arrow
809,301,12,10,60,10000,0,0,0|0|0|0|0|0|0,Wooden Arrow
810,311,12,30,80,7500,0,0,0|0|0|0|0|0|0,Fire Arrow
811,311,12,30,80,7500,0,0,0|0|0|0|0|0|0,Fire Arrow
812,312,12,60,110,5000,0,0,0|0|0|0|0|0|0,White Night Arrow
813,312,12,60,110,5000,0,0,0|0|0|0|0|0|0,White Night Arrow
814,313,12,0,0,2500,29,0,0|0|0|0|0|0|0,Demon Arrow
815,313,12,0,0,2500,29,0,0|0|0|0|0|0|0,Demon Arrow
816,321,12,10,60,10000,0,0,0|0|0|0|0|0|0,Bean Bullet
817,321,12,10,60,10000,0,0,0|0|0|0|0|0|0,Bean Bullet
818,331,12,30,80,7500,0,0,0|0|0|0|0|0|0,Fire Bullet
819,331,12,30,80,7500,0,0,0|0|0|0|0|0|0,Fire Bullet
820,332,12,60,110,5000,0,0,0|0|0|0|0|0|0,Cold Bullet
821,332,12,60,110,5000,0,0,0|0|0|0|0|0|0,Cold Bullet
822,341,12,10,60,10000,0,0,0|0|0|0|0|0|0,Cannon
823,341,12,10,60,10000,0,0,0|0|0|0|0|0|0,Cannon
824,342,12,30,80,7500,0,0,0|0|0|0|0|0|0,Lead Cannon
825,342,12,30,80,7500,0,0,0|0|0|0|0|0|0,Lead Cannon
826,41,8,79,99,2800,0,0,539|540|0|0|0|0|0,Pony Hammer
827,42,8,86,106,2800,0,0,541|542|0|0|0|0|0,Blood Mace
828,43,8,90,110,2800,0,0,543|544|0|0|0|0|0,Scorpion Club
829,44,8,100,120,2600,0,0,545|0|0|0|0|0|0,Battle Mace
830,45,8,110,130,2600,0,0,546|547|0|0|0|0|0,Great Hammer
831,46,8,120,140,2600,0,0,548|549|0|0|0|0|0,Forest Hammer
832,47,8,130,150,2600,0,0,550|551|0|0|0|0|0,Labor Hammer
833,48,8,140,160,2400,0,0,552|0|0|0|0|0|0,Nirvana Hammer
834,49,8,150,170,2400,0,0,0|0|0|0|0|0|0,Doom Hammer
835,50,8,160,180,2200,0,0,0|0|0|0|0|0|0,Final Hammer
836,101,10,2,15,10000,0,0,0|0|0|0|0|0|0,Apple
837,102,10,12,25,10000,0,0,0|0|0|0|0|0|0,Banana
838,103,10,22,35,10000,0,0,0|0|0|0|0|0|0,Grapes
839,104,10,32,45,10000,0,0,0|0|0|0|0|0|0,Kiwi
840,105,10,42,55,10000,0,0,0|0|0|0|0|0|0,Orange
841,106,10,52,65,10000,0,0,0|0|0|0|0|0|0,Mango
842,107,10,62,75,10000,0,0,0|0|0|0|0|0|0,Boiled Egg
843,108,10,72,85,10000,0,0,0|0|0|0|0|0|0,Beef Jerky
844,109,10,82,95,10000,0,0,0|0|0|0|0|0|0,Cooked Meat
845,110,10,92,105,10000,0,0,0|0|0|0|0|0|0,Peach
846,111,10,102,115,10000,0,0,0|0|0|0|0|0|0,Strawberry
847,112,10,112,125,10000,0,0,0|0|0|0|0|0|0,Tomato
848,113,10,122,135,10000,0,0,0|0|0|0|0|0|0,Plum
849,114,10,132,145,10000,0,0,0|0|0|0|0|0|0,Sandwich
850,115,10,142,155,10000,0,0,0|0|0|0|0|0|0,Hamburger
851,116,10,152,165,10000,0,0,0|0|0|0|0|0|0,Sausage
852,117,10,162,175,10000,0,0,0|0|0|0|0|0|0,Meatball
853,118,10,172,210,10000,0,0,0|0|0|0|0|0|0,Silver Carp Shaped Bread
854,120,10,2,20,10000,0,0,0|0|0|0|0|0|0,Milk
855,121,10,15,35,10000,0,0,0|0|0|0|0|0|0,Banana Milk
856,122,10,30,50,10000,0,0,0|0|0|0|0|0|0,Strawberry Flavored Milk
857,123,10,45,65,10000,0,0,0|0|0|0|0|0|0,Apple Juice
858,124,10,60,80,10000,0,0,0|0|0|0|0|0|0,Grape Juice
859,125,10,75,95,10000,0,0,0|0|0|0|0|0|0,Orange Juice
860,126,10,90,110,10000,0,0,0|0|0|0|0|0|0,Mango Juice
861,127,10,105,125,10000,0,0,0|0|0|0|0|0|0,Kiwi Juice
862,128,10,120,140,10000,0,0,0|0|0|0|0|0|0,Strawberry Juice
863,130,10,135,155,10000,0,0,0|0|0|0|0|0|0,Peach Juice
864,131,10,150,210,10000,0,0,0|0|0|0|0|0|0,Tomato Juice
865,151,10,2,20,10000,0,0,0|0|0|0|0|0|0,HP Point (+50)
866,152,10,20,40,10000,0,0,0|0|0|0|0|0|0,HP Point (+100)
867,153,10,40,60,10000,0,0,0|0|0|0|0|0|0,HP Point (+200)
868,154,10,60,80,10000,0,0,0|0|0|0|0|0|0,HP Point (+300)
869,155,10,80,100,10000,0,0,0|0|0|0|0|0|0,HP Point (+500)
870,156,10,100,120,10000,0,0,0|0|0|0|0|0|0,HP Point (+700)
871,157,10,120,140,10000,0,0,0|0|0|0|0|0|0,HP Point (+1000)
872,158,10,140,160,10000,0,0,0|0|0|0|0|0|0,HP Point (+1500)
873,159,10,160,180,10000,0,0,0|0|0|0|0|0|0,HP Point (+2000)
874,160,10,180,250,10000,0,0,0|0|0|0|0|0|0,HP Point (+3000)
875,161,10,2,20,10000,0,0,0|0|0|0|0|0|0,MP Point (+30)
876,162,10,20,40,10000,0,0,0|0|0|0|0|0|0,MP Point (+50)
877,163,10,40,60,10000,0,0,0|0|0|0|0|0|0,MP Point (+100)
878,164,10,60,80,10000,0,0,0|0|0|0|0|0|0,MP Point (+200)
879,165,10,80,100,10000,0,0,0|0|0|0|0|0|0,MP Point (+300)
880,166,10,100,120,10000,0,0,0|0|0|0|0|0|0,MP Point (+500)
881,167,10,120,140,10000,0,0,0|0|0|0|0|0|0,MP Point (+700)
882,168,10,140,160,10000,0,0,0|0|0|0|0|0|0,MP Point (+1000)
883,169,10,160,180,10000,0,0,0|0|0|0|0|0|0,MP Point (+1500)
884,170,10,180,250,10000,0,0,0|0|0|0|0|0|0,MP Point (+2000)
885,178,10,140,160,10000,0,0,0|0|0|0|0|0|0,Stamina (+500)
886,401,10,0,0,2500,0,2,0|0|0|0|0|0|0,Jelly Bean
887,402,10,0,0,2500,0,3,0|0|0|0|0|0|0,Jelly Nut
888,403,10,0,0,2500,0,12,0|0|0|0|0|0|0,Choropy
889,404,10,0,0,2500,0,21,0|0|0|0|0|0|0,Pumpkin
890,405,10,0,0,2500,0,31,0|0|0|0|0|0|0,Dalping
891,406,10,0,0,2500,0,62,0|0|0|0|0|0|0,Honey Bee
892,407,10,0,0,2500,0,64,0|0|0|0|0|0|0,Hornet
893,408,10,0,0,2500,0,72,0|0|0|0|0|0|0,Pomic
894,409,10,0,0,2500,0,74,0|0|0|0|0|0|0,Pomic Soldier
895,410,10,0,0,2500,0,81,0|0|0|0|0|0|0,Beetle
896,411,10,0,0,2500,0,84,0|0|0|0|0|0|0,Turtle
897,412,10,0,0,2500,0,87,0|0|0|0|0|0|0,Crack
898,413,10,0,0,2500,0,91,0|0|0|0|0|0|0,Rackie
899,414,10,0,0,2500,0,101,0|0|0|0|0|0|0,Woopy
900,415,10,0,0,2500,0,111,0|0|0|0|0|0|0,Moldie
901,416,10,0,0,2500,0,121,0|0|0|0|0|0|0,Krawfy
902,417,10,0,0,2500,0,132,0|0|0|0|0|0|0,Porkie
903,418,10,0,0,2500,0,134,0|0|0|0|0|0|0,Grunter
904,419,10,0,0,2500,0,136,0|0|0|0|0|0|0,Grunter Leader
905,420,10,0,0,2500,0,141,0|0|0|0|0|0|0,Kaiman
906,421,10,0,0,2500,0,151,0|0|0|0|0|0|0,Doonga
907,422,10,0,0,2500,0,155,0|0|0|0|0|0|0,Doonga Warrior
908,423,10,0,0,2500,0,158,0|0|0|0|0|0|0,Doonga Captain
909,424,10,0,0,2500,0,161,0|0|0|0|0|0|0,Jewel Golem
910,425,10,0,0,2500,0,171,0|0|0|0|0|0|0,Aqua Guard
911,426,10,0,0,2500,0,182,0|0|0|0|0|0|0,Clown
912,428,10,0,0,2500,0,271,0|0|0|0|0|0|0,Goblin Worker
913,429,10,0,0,2500,0,276,0|0|0|0|0|0|0,Goblin Guard
914,430,10,0,0,2500,0,278,0|0|0|0|0|0|0,Goblin Warrior
915,431,10,0,0,2500,0,331,0|0|0|0|0|0|0,Slag
916,432,10,0,0,2500,0,337,0|0|0|0|0|0|0,Lunar Wolf
917,433,10,0,0,2500,0,341,0|0|0|0|0|0|0,Yeti
918,434,10,0,0,2500,0,342,0|0|0|0|0|0|0,Yeti Hunter
919,435,10,0,0,2500,0,343,0|0|0|0|0|0|0,Yeti Guard
920,436,10,0,0,2500,0,351,0|0|0|0|0|0|0,Yeti Rider
921,407,12,0,0,10000,0,300,0|0|0|0|0|0|0,Trash
922,407,12,0,0,10000,0,299,0|0|0|0|0|0|0,Trash
923,403,12,0,0,10000,38,0,0|0|0|0|0|0|0,Santa Lottery
924,403,12,0,0,5000,0,303,0|0|0|0|0|0|0,Santa Lottery
925,143,10,0,0,3000,0,303,0|0|0|0|0|0|0,Elifedora
926,402,12,0,0,100,38,0,0|0|0|0|0|0|0,MP3 Player
927,293,7,40,100,5,0,0,0|0|0|0|0|0|0,Advanced Ring of Experience 
928,294,7,35,103,4,0,0,0|0|0|0|0|0|0,Advanced Earring of Experience 
929,295,7,32,105,3,0,0,0|0|0|0|0|0|0,Advanced Necklace of Experience 
930,296,7,75,150,4,0,0,0|0|0|0|0|0|0,Extreme Ring of Experience 
931,297,7,70,160,3,0,0,0|0|0|0|0|0|0,Extreme Earring of Experience 
932,298,7,65,170,2,0,0,0|0|0|0|0|0|0,Extreme Necklace of Experience 
